{"cameraMode":{"drawMode":0,"name":"Shaded","section":"Shading Mode"},"sceneLighting":true,"audioPlay":false,"sceneViewState":{"showFog":true,"showMaterialUpdate":false,"showSkybox":true,"showFlares":true,"showImageEffects":true,"showParticleSystems":true},"in2DMode":false,"pivot":{"x":948.0587158203125,"y":575.9317016601563,"z":26.7861328125},"rotation":{"x":0.18344998359680177,"y":-0.007372664287686348,"z":0.0013759018620476127,"w":0.9830004572868347},"size":1533.6729736328125,"orthographic":false}