{"cameraMode":{"drawMode":0,"name":"Shaded","section":"Shading Mode"},"sceneLighting":true,"audioPlay":false,"sceneViewState":{"showFog":false,"showMaterialUpdate":false,"showSkybox":false,"showFlares":false,"showImageEffects":false,"showParticleSystems":false},"in2DMode":false,"pivot":{"x":34.4146728515625,"y":40.80131912231445,"z":105.01345825195313},"rotation":{"x":0.21184119582176209,"y":-0.27870967984199526,"z":0.06317273527383805,"w":0.9346019625663757},"size":3.572355031967163,"orthographic":false}