{"cameraMode":{"drawMode":0,"name":"Shaded","section":"Shading Mode"},"sceneLighting":false,"audioPlay":false,"sceneViewState":{"showFog":false,"showMaterialUpdate":false,"showSkybox":false,"showFlares":false,"showImageEffects":false,"showParticleSystems":false},"in2DMode":false,"pivot":{"x":157.49082946777345,"y":462.2654113769531,"z":952.5440063476563},"rotation":{"x":0.026381652802228929,"y":-0.031169157475233079,"z":0.00082541344454512,"w":0.9991732835769653},"size":1466.6309814453125,"orthographic":false}