{"cameraMode":{"drawMode":0,"name":"Shaded","section":"Shading Mode"},"sceneLighting":false,"audioPlay":false,"sceneViewState":{"showFog":false,"showMaterialUpdate":false,"showSkybox":false,"showFlares":false,"showImageEffects":false,"showParticleSystems":false},"in2DMode":false,"pivot":{"x":324.97845458984377,"y":163.35842895507813,"z":841.7857666015625},"rotation":{"x":0.12953205406665803,"y":0.004774716217070818,"z":-0.0006220775539986789,"w":0.9915710687637329},"size":1466.6309814453125,"orthographic":false}