{"cameraMode":{"drawMode":0,"name":"Shaded","section":"Shading Mode"},"sceneLighting":false,"audioPlay":false,"sceneViewState":{"showFog":false,"showMaterialUpdate":false,"showSkybox":false,"showFlares":false,"showImageEffects":false,"showParticleSystems":false},"in2DMode":false,"pivot":{"x":-8.269899368286133,"y":6.428318500518799,"z":3.142484188079834},"rotation":{"x":0.2690262496471405,"y":0.010112648829817772,"z":-0.002824935596436262,"w":0.9630739092826843},"size":22.0,"orthographic":false}