{"cameraMode":{"drawMode":0,"name":"Shaded","section":"Shading Mode"},"sceneLighting":true,"audioPlay":false,"sceneViewState":{"showFog":false,"showMaterialUpdate":false,"showSkybox":false,"showFlares":false,"showImageEffects":false,"showParticleSystems":false},"in2DMode":false,"pivot":{"x":0.39742445945739748,"y":16.020841598510743,"z":-17.86637306213379},"rotation":{"x":0.3079664409160614,"y":-0.1251038759946823,"z":0.0408911406993866,"w":0.942244291305542},"size":3.572355031967163,"orthographic":false}