{"cameraMode":{"drawMode":0,"name":"Shaded","section":"Shading Mode"},"sceneLighting":true,"audioPlay":false,"sceneViewState":{"showFog":false,"showMaterialUpdate":false,"showSkybox":false,"showFlares":false,"showImageEffects":false,"showParticleSystems":false},"in2DMode":false,"pivot":{"x":-21.061931610107423,"y":10.547252655029297,"z":-5.479562282562256},"rotation":{"x":-0.03876599669456482,"y":-0.7560164928436279,"z":0.04495825991034508,"w":-0.6518889665603638},"size":4.605381488800049,"orthographic":false}