{"cameraMode":{"drawMode":0,"name":"Shaded","section":"Shading Mode"},"sceneLighting":false,"audioPlay":false,"sceneViewState":{"showFog":false,"showMaterialUpdate":false,"showSkybox":false,"showFlares":false,"showImageEffects":false,"showParticleSystems":false},"in2DMode":false,"pivot":{"x":17.10009765625,"y":67.96810913085938,"z":-128.16693115234376},"rotation":{"x":0.15287742018699647,"y":-0.30408793687820437,"z":0.04952945187687874,"w":0.9390113949775696},"size":558.3641967773438,"orthographic":false}