{"cameraMode":{"drawMode":0,"name":"Shaded","section":"Shading Mode"},"sceneLighting":false,"audioPlay":false,"sceneViewState":{"showFog":false,"showMaterialUpdate":false,"showSkybox":false,"showFlares":false,"showImageEffects":false,"showParticleSystems":false},"in2DMode":false,"pivot":{"x":-429.79144287109377,"y":-263.9578552246094,"z":483.58447265625},"rotation":{"x":0.2733176648616791,"y":-0.28560492396354678,"z":0.08535431325435639,"w":0.9145804643630981},"size":1466.6309814453125,"orthographic":false}